Date,Village,Area,Pre/post harvest,Family,Genus,Species,binomial,size,Life-history stage (scaridae only),Group size,pre-flight behaviour,flight direction,Depth,FID,Speargun
15/12/2011,Community 1,MPA,Pre,Chaetodontidae,Chaetodon,vagabundus,Chaetodon vagabundus,12,,1,,a,3.8,170,0
15/12/2011,Community 1,MPA,Pre,Chaetodontidae,Forcipiger,flavissimus,Forcipiger flavissimus,13,,2,,a,7.5,280,0
15/12/2011,Community 1,MPA,Pre,Chaetodontidae,Chaetodon,ornatissimus,Chaetodon ornatissimus,12,,1,,p,3.5,175,0
15/12/2011,Community 1,MPA,Pre,Chaetodontidae,Forcipiger,flavissimus,Forcipiger flavissimus,13,,1,,p,4.6,145,0
15/12/2011,Community 1,MPA,Pre,Scaridae,Chlorurus,japanensis,Chlorurus japanensis,28,t,1,,a,3.2,295,0
15/12/2011,Community 1,MPA,Pre,Chaetodontidae,Chaetodon,plebius,Chaetodon plebius,12,,2,,a,4.1,185,0
15/12/2011,Community 1,MPA,Pre,Chaetodontidae,Chaetodon,rafflesi,Chaetodon rafflesi,10,,2,,a,4.2,265,0
15/12/2011,Community 1,MPA,Pre,Chaetodontidae,Chaetodon,ornatissimus,Chaetodon ornatissimus,12,,2,,p,4.5,130,0
15/12/2011,Community 1,MPA,Pre,Chaetodontidae,Forcipiger,flavissimus,Forcipiger flavissimus,13,,1,,p,6.3,145,0
15/12/2011,Community 1,MPA,Pre,Scaridae,Chlorurus,sordidus,Chlorurus sordidus,23,t,1,,p,4.1,335,0
15/12/2011,Community 1,MPA,Pre,Chaetodontidae,Chaetodon,vagabundus,Chaetodon vagabundus,12,,2,,p,5.5,205,0
15/12/2011,Community 1,MPA,Pre,Chaetodontidae,Forcipiger,flavissimus,Forcipiger flavissimus,11,,1,,a,5.1,210,0
15/12/2011,Community 1,MPA,Pre,Scaridae,Scarus,oviceps,Scarus oviceps,23,i,1,,p,6.7,355,1
15/12/2011,Community 1,MPA,Pre,Scaridae,Chlorurus,sordidus,Chlorurus sordidus,21,t,1,,a,9.1,245,0
15/12/2011,Community 1,MPA,Pre,Scaridae,Chlorurus,sordidus,Chlorurus sordidus,21,t,1,,a,9.3,210,0
15/12/2011,Community 1,MPA,Pre,Scaridae,Scarus,oviceps,Scarus oviceps,24,t,1,,p,7.9,360,1
15/12/2011,Community 1,MPA,Pre,Chaetodontidae,Chaetodon,rafflesi,Chaetodon rafflesi,11,,2,,p,7.5,175,0
15/12/2011,Community 1,MPA,Pre,Chaetodontidae,Chaetodon,flavissimus,Chaetodon flavissimus,12,,2,,p,7,145,0
15/12/2011,Community 1,MPA,Pre,Scaridae,Chlorurus,sordidus,Chlorurus sordidus,25,t,1,,a,3.9,560,1
15/12/2011,Community 1,MPA,Pre,Scaridae,Chlorurus,japanensis,Chlorurus japanensis,21,i,1,,p,5.4,310,0
15/12/2011,Community 1,MPA,Pre,Scaridae,Chlorurus,sordidus,Chlorurus sordidus,22,t,1,,p,5.1,190,0
15/12/2011,Community 1,MPA,Pre,Scaridae,Scarus,fortensi,Scarus fortensi,23,t,1,,p,9.2,350,1
15/12/2011,Community 1,MPA,Pre,Scaridae,Scarus,spinus,Scarus spinus,22,t,1,,p,9.1,175,0
15/12/2011,Community 1,MPA,Pre,Scaridae,Chlorurus,sordidus,Chlorurus sordidus,21,t,1,,p,6.2,450,1
15/12/2011,Community 1,MPA,Pre,Acanthuridae,Ctenochaetus,striatus,Ctenochaetus striatus,16,,7,,a,3.3,212,0
15/12/2011,Community 1,MPA,Pre,Acanthuridae,Acanthurus,nigricans,Acanthurus nigricans,17,,1,,p,3.7,285,0
15/12/2011,Community 1,MPA,Pre,Acanthuridae,Acanthurus,nigricans,Acanthurus nigricans,18,,1,,p,3.6,320,0
15/12/2011,Community 1,MPA,Pre,Acanthuridae,Acanthurus,lineatus,Acanthurus lineatus,20,,1,,p,3.8,375,1
15/12/2011,Community 1,MPA,Pre,Acanthuridae,Naso,lituratus,Naso lituratus,22,,1,,tr,5,250,0
15/12/2011,Community 1,MPA,Pre,Acanthuridae,Acanthurus,lineatus,Acanthurus lineatus,20,,1,,p,3.4,305,0
15/12/2011,Community 1,MPA,Pre,Acanthuridae,Acanthurus,nigricans,Acanthurus nigricans,19,,3,,a,5,280,0
15/12/2011,Community 1,MPA,Pre,Acanthuridae,Acanthurus,lineatus,Acanthurus lineatus,20,,2,,p,3.5,250,0
15/12/2011,Community 1,MPA,Pre,Acanthuridae,Acanthurus,lineatus,Acanthurus lineatus,24,,1,,p,3.2,260,0
15/12/2011,Community 1,MPA,Pre,Acanthuridae,Ctenochaetus,striatus,Ctenochaetus striatus,17,,1,,tr,4.1,250,0
15/12/2011,Community 1,MPA,Pre,Acanthuridae,Ctenochaetus,striatus,Ctenochaetus striatus,18,,4,,p,4.3,360,1
15/12/2011,Community 1,MPA,Pre,Acanthuridae,Naso,lituratus,Naso lituratus,22,,1,,a,7.3,330,0
15/12/2011,Community 1,PHC,Pre,Acanthuridae,Acanthurus,nigricans,Acanthurus nigricans,20,,1,n,a,4.3,223,0
15/12/2011,Community 1,PHC,Pre,Scaridae,Chlorurus,sordidus,Chlorurus sordidus,23,t,1,ow,p,4.6,292,0
15/12/2011,Community 1,PHC,Pre,Scaridae,Scarus,niger,Scarus niger,26,t,1,w,ad,6.7,203,0
15/12/2011,Community 1,PHC,Pre,Acanthuridae,Ctenochaetus,striatus,Ctenochaetus striatus,19,,1,ow,a,3.8,361,1
15/12/2011,Community 1,PHC,Pre,Acanthuridae,Naso,lituratus,Naso lituratus,24,,2,ow,a,7,383,1
15/12/2011,Community 1,PHC,Pre,Acanthuridae,Ctenochaetus,striatus,Ctenochaetus striatus,21,,1,w,a,5.2,259,0
15/12/2011,Community 1,PHC,Pre,Acanthuridae,Naso,lituratus,Naso lituratus,26,,1,ow,a,7.2,303,0
15/12/2011,Community 1,PHC,Pre,Scaridae,Scarus,oviceps,Scarus oviceps,24,i,1,sa,a,7.5,189,0
15/12/2011,Community 1,PHC,Pre,Scaridae,Scarus,oviceps,Scarus oviceps,23,i,1,w,a,3.5,310,0
15/12/2011,Community 1,PHC,Pre,Scaridae,Chlorurus,sordidus,Chlorurus sordidus,26,t,1,ow,a,7.4,258,0
15/12/2011,Community 1,PHC,Pre,Scaridae,Scarus,spinus,Scarus spinus,27,t,1,sa,a,7.9,321,0
15/12/2011,Community 1,PHC,Pre,Scaridae,Scarus,niger,Scarus niger,31,t,1,n,a,4.7,442,1
15/12/2011,Community 1,PHC,Pre,Chaetodontidae,Forcipiger,flavissimus,Forcipiger flavissimus,13,,1,i,a,6.6,104,0
15/12/2011,Community 1,PHC,Pre,Acanthuridae,Acanthurus,lineatus,Acanthurus lineatus,22,,1,w,a,4.6,329,0
15/12/2011,Community 1,PHC,Pre,Acanthuridae,Naso,lituratus,Naso lituratus,27,,3,n,a,6.1,424,1
15/12/2011,Community 1,PHC,Pre,Chaetodontidae,Chaetodon,semeion,Chaetodon semeion,14,,1,i,a,5.8,52,0
15/12/2011,Community 1,PHC,Pre,Chaetodontidae,Forcipiger,flavissimus,Forcipiger flavissimus,13,,2,i,a,5.8,191,0
15/12/2011,Community 1,PHC,Pre,Chaetodontidae,Chaetodon,ephippium,Chaetodon ephippium,16,,1,i,a,6.5,78,0
15/12/2011,Community 1,PHC,Pre,Chaetodontidae,Chaetodon,ephippium,Chaetodon ephippium,16,,2,i,a,6.8,193,0
15/12/2011,Community 1,PHC,Pre,Scaridae,Chlorurus,japanensis,Chlorurus japanensis,32,t,1,ow,a,5.2,423,1
15/12/2011,Community 1,PHC,Pre,Scaridae,Chlorurus,sordidus,Chlorurus sordidus,25,t,1,n,a,6.6,405,1
15/12/2011,Community 1,PHC,Pre,Acanthuridae,Naso,lituratus,Naso lituratus,22,,2,sa,a,5.7,414,1
15/12/2011,Community 1,PHC,Pre,Chaetodontidae,Chaetodon,rafflesi,Chaetodon rafflesi,13,,2,w,a,6.2,143,0
15/12/2011,Community 1,PHC,Pre,Chaetodontidae,Chaetodon,baronessa,Chaetodon baronessa,10,,2,w,tr,3.8,52,0
15/12/2011,Community 1,PHC,Pre,Chaetodontidae,Chaetodon,ephippium,Chaetodon ephippium,18,,2,ow,a,3.5,298,0
15/12/2011,Community 1,PHC,Pre,Acanthuridae,Naso,lituratus,Naso lituratus,27,,1,ow,a,5.1,228,0
15/12/2011,Community 1,PHC,Pre,Acanthuridae,Acanthurus,lineatus,Acanthurus lineatus,21,,1,ow,a,3.4,244,0
15/12/2011,Community 1,PHC,Pre,Chaetodontidae,Chaetodon,ornatissimus,Chaetodon ornatissimus,16,,1,i,a,3.2,241,0
15/12/2011,Community 1,PHC,Pre,Acanthuridae,Acanthurus,lineatus,Acanthurus lineatus,20,,1,n,a,3.2,238,0
15/12/2011,Community 1,PHC,Pre,Acanthuridae,Acanthurus,lineatus,Acanthurus lineatus,24,,1,n,a,3.4,267,0
15/12/2011,Community 1,PHC,Pre,Scaridae,Scarus,fortensi,Scarus fortensi,23,i,1,w,a,6.4,346,1
15/12/2011,Community 1,PHC,Pre,Scaridae,Scarus,oviceps,Scarus oviceps,26,t,1,w,a,7.8,398,1
15/12/2011,Community 1,PHC,Pre,Chaetodontidae,Forcipiger,flavissimus,Forcipiger flavissimus,11,,1,i,a,43,224,0
15/12/2011,Community 1,PHC,Pre,Chaetodontidae,Chaetodon,reticulatus,Chaetodon reticulatus,12,,1,sa,a,4.6,181,0
15/12/2011,Community 1,PHC,Pre,Chaetodontidae,Chaetodon,ephippium,Chaetodon ephippium,17,,2,ow,a,3.3,276,0
15/12/2011,Community 1,PHC,Pre,Scaridae,Chlorurus,japanensis,Chlorurus japanensis,29,t,1,n,a,3.4,470,1
16/12/2011,Community 1,Fished,Pre,Acanthuridae,Acanthurus,lineatus,Acanthurus lineatus,24,,1,ow,a,5.1,367,1
16/12/2011,Community 1,Fished,Pre,Scaridae,Chlorurus,sordidus,Chlorurus sordidus,25,t,1,n,a,6.6,514,1
16/12/2011,Community 1,Fished,Pre,Acanthuridae,Naso,lituratus,Naso lituratus,25,,4,ow,a,4.5,394,1
16/12/2011,Community 1,Fished,Pre,Chaetodontidae,Chaetodon,rafflesi,Chaetodon rafflesi,10,,1,i,a,5.1,142,0
16/12/2011,Community 1,Fished,Pre,Acanthuridae,Naso,lituratus,Naso lituratus,27,,2,sa,a,7.4,507,1
16/12/2011,Community 1,Fished,Pre,Chaetodontidae,Chaetodon,rafflesi,Chaetodon rafflesi,10,,2,n,a,6.7,192,0
16/12/2011,Community 1,Fished,Pre,Scaridae,Chlorurus,sordidus,Chlorurus sordidus,24,t,1,ow,a,7.7,343,1
16/12/2011,Community 1,Fished,Pre,Acanthuridae,Acanthurus,lineatus,Acanthurus lineatus,25,,3,w,a,7.2,457,1
16/12/2011,Community 1,Fished,Pre,Scaridae,Scarus,rubroviolaceus,Scarus rubroviolaceus,47,t,1,ow,a,10.2,658,1
16/12/2011,Community 1,Fished,Pre,Acanthuridae,Ctenochaetus,striatus,Ctenochaetus striatus,21,,12,ow,a,8.2,414,1
16/12/2011,Community 1,Fished,Pre,Chaetodontidae,Chaetodon,lunulatus,Chaetodon lunulatus,11,,2,i,a,8.9,214,0
16/12/2011,Community 1,Fished,Pre,Chaetodontidae,Chaetodon,auriga,Chaetodon auriga,15,,2,i,a,6.8,282,0
16/12/2011,Community 1,Fished,Pre,Chaetodontidae,Chaetodon,auriga,Chaetodon auriga,16,,2,sa,a,8.2,187,0
16/12/2011,Community 1,Fished,Pre,Chaetodontidae,Chaetodon,vagabundus,Chaetodon vagabundus,14,,2,i,a,7.7,114,0
16/12/2011,Community 1,Fished,Pre,Acanthuridae,Naso,lituratus,Naso lituratus,24,,1,i,a,9.1,346,1
16/12/2011,Community 1,Fished,Pre,Scaridae,Scarus,rubroviolaceus,Scarus rubroviolaceus,29,i,1,ow,a,9.5,508,1
16/12/2011,Community 1,Fished,Pre,Chaetodontidae,Chaetodon,reticulatus,Chaetodon reticulatus,13,,1,i,a,6.8,47,0
16/12/2011,Community 1,Fished,Pre,Acanthuridae,Ctenochaetus,striatus,Ctenochaetus striatus,22,,2,n,a,5.3,442,1
16/12/2011,Community 1,Fished,Pre,Chaetodontidae,Chaetodon,ephippium,Chaetodon ephippium,16,,2,sa,a,7,123,0
16/12/2011,Community 1,Fished,Pre,Acanthuridae,Naso,lituratus,Naso lituratus,28,,1,ow,a,6.7,468,1
16/12/2011,Community 1,Fished,Pre,Acanthuridae,Acanthurus,lineatus,Acanthurus lineatus,22,,2,ow,a,6.1,313,0
16/12/2011,Community 1,Fished,Pre,Scaridae,Chlorurus,japanensis,Chlorurus japanensis,29,t,1,i,a,5.9,332,0
16/12/2011,Community 1,Fished,Pre,Acanthuridae,Acanthurus,lineatus,Acanthurus lineatus,23,,1,w,a,8.2,403,1
16/12/2011,Community 1,Fished,Pre,Scaridae,Scarus,oviceps,Scarus oviceps,25,t,1,w,a,9,469,1
16/12/2011,Community 1,Fished,Pre,Chaetodontidae,Chaetodon,rafflesi,Chaetodon rafflesi,11,,2,i,a,8.7,205,0
16/12/2011,Community 1,Fished,Pre,Scaridae,Scarus,oviceps,Scarus oviceps,26,t,1,n,a,9.9,712,1
16/12/2011,Community 1,Fished,Pre,Chaetodontidae,Chaetodon,vagabundus,Chaetodon vagabundus,12,,2,i,a,6,175,0
16/12/2011,Community 1,Fished,Pre,Scaridae,Chlorurus,japanensis,Chlorurus japanensis,32,t,1,w,a,4.9,419,1
16/12/2011,Community 1,Fished,Pre,Scaridae,Scarus,rubroviolaceus,Scarus rubroviolaceus,35,i,1,w,a,5,693,1
16/12/2011,Community 1,Fished,Pre,Scaridae,Scarus,spinus,Scarus spinus,26,t,1,ow,a,6.5,390,1
16/12/2011,Community 1,Fished,Pre,Scaridae,Scarus,altipinnis,Scarus altipinnis,29,t,1,sa,a,7.4,529,1
16/12/2011,Community 1,Fished,Pre,Chaetodontidae,Chaetodon,melanotus,Chaetodon melanotus,10,,1,i,a,6.8,118,0
16/12/2011,Community 1,Fished,Pre,Acanthuridae,Acanthurus,lineatus,Acanthurus lineatus,24,,7,n,a,3.7,449,1
16/12/2011,Community 1,Fished,Pre,Chaetodontidae,Chaetodon,ulietensis,Chaetodon ulietensis,12,,1,n,a,5.3,297,0
16/12/2011,Community 1,Fished,Pre,Scaridae,Scarus,oviceps,Scarus oviceps,32,t,1,n,ad,6.6,501,1
16/12/2011,Community 1,Fished,Pre,Acanthuridae,Ctenochaetus,striatus,Ctenochaetus striatus,20,,3,ow,a,6.8,475,1
19/12/2011,Community 1,MPA,Post,Scaridae,Chlorurus,microrhinos,Chlorurus microrhinos,22,i,1,,p,5.3,200,0
19/12/2011,Community 1,MPA,Post,Scaridae,Chlorurus,japanensis,Chlorurus japanensis,26,t,1,,p,3,485,1
19/12/2011,Community 1,MPA,Post,Scaridae,Chlorurus,sordidus,Chlorurus sordidus,22,t,1,,p,6,295,0
19/12/2011,Community 1,MPA,Post,Scaridae,Chlorurus,sordidus,Chlorurus sordidus,23,t,1,,a,6.2,160,0
19/12/2011,Community 1,MPA,Post,Scaridae,Scarus,oviceps,Scarus oviceps,27,t,2,,p,6.3,190,0
19/12/2011,Community 1,MPA,Post,Scaridae,Scarus,oviceps,Scarus oviceps,20,i,1,,a,3.6,320,0
19/12/2011,Community 1,MPA,Post,Scaridae,Chlorurus,japanensis,Chlorurus japanensis,24,t,1,,p,6.5,310,0
19/12/2011,Community 1,MPA,Post,Scaridae,Scarus,psitticus,Scarus psitticus,19,t,1,,a,4.8,150,0
19/12/2011,Community 1,MPA,Post,Acanthuridae,Ctenochaetus,striatus,Ctenochaetus striatus,17,,3,,p,3.8,260,0
19/12/2011,Community 1,MPA,Post,Acanthuridae,Acanthurus,lineatus,Acanthurus lineatus,21,,1,,a,3,290,0
19/12/2011,Community 1,MPA,Post,Acanthuridae,Acanthurus,lineatus,Acanthurus lineatus,20,,1,,a,3.1,295,0
19/12/2011,Community 1,MPA,Post,Acanthuridae,Ctenochaetus,striatus,Ctenochaetus striatus,16,,6,,a,3.4,290,0
19/12/2011,Community 1,MPA,Post,Acanthuridae,Acanthurus,lineatus,Acanthurus lineatus,18,,1,,a,3.6,370,1
19/12/2011,Community 1,MPA,Post,Acanthuridae,Naso,unicornis,Naso unicornis,27,,1,,a,2.8,535,1
19/12/2011,Community 1,MPA,Post,Acanthuridae,Ctenochaetus,striatus,Ctenochaetus striatus,18,,1,,ar,5.7,220,0
19/12/2011,Community 1,MPA,Post,Acanthuridae,Naso,lituratus,Naso lituratus,20,,1,,p,4.6,240,0
19/12/2011,Community 1,MPA,Post,Acanthuridae,Acanthurus,lineatus,Acanthurus lineatus,25,,1,,p,3.6,360,1
19/12/2011,Community 1,MPA,Post,Acanthuridae,Naso,lituratus,Naso lituratus,18,,2,,a,5.1,380,1
19/12/2011,Community 1,MPA,Post,Acanthuridae,Ctenochaetus,striatus,Ctenochaetus striatus,17,,2,,a,5.4,200,0
19/12/2011,Community 1,MPA,Post,Acanthuridae,Ctenochaetus,striatus,Ctenochaetus striatus,19,,1,,ar,4.1,225,0
19/12/2011,Community 1,MPA,Post,Scaridae,Chlorurus,microrhinos,Chlorurus microrhinos,37,t,1,,a,7,495,1
19/12/2011,Community 1,MPA,Post,Scaridae,Chlorurus,sordidus,Chlorurus sordidus,21,t,1,,p,6,280,0
19/12/2011,Community 1,MPA,Post,Scaridae,Scarus,oviceps,Scarus oviceps,24,i,2,,a,3.5,315,0
19/12/2011,Community 1,MPA,Post,Scaridae,Chlorurus,sordidus,Chlorurus sordidus,20,t,1,,p,5,225,0
19/12/2011,Community 1,MPA,Post,Chaetodontidae,Chaetodon,lunulatus,Chaetodon lunulatus,10,,1,,a,4,135,0
19/12/2011,Community 1,MPA,Post,Chaetodontidae,Chaetodon,ephippium,Chaetodon ephippium,13,,1,,p,4.5,210,0
19/12/2011,Community 1,MPA,Post,Chaetodontidae,Chaetodon,ornatissimus,Chaetodon ornatissimus,11,,2,,p,3,90,0
19/12/2011,Community 1,MPA,Post,Chaetodontidae,Chaetodon,rafflesi,Chaetodon rafflesi,11,,2,,p,3.5,170,0
19/12/2011,Community 1,MPA,Post,Chaetodontidae,Chaetodon,rafflesi,Chaetodon rafflesi,11,,2,,ar,5,135,0
19/12/2011,Community 1,MPA,Post,Chaetodontidae,Chaetodon,lunulatus,Chaetodon lunulatus,10,,1,,a,4,140,0
19/12/2011,Community 1,MPA,Post,Chaetodontidae,Forcipiger,flavissimus,Forcipiger flavissimus,12,,2,,a,3.5,201,0
19/12/2011,Community 1,MPA,Post,Chaetodontidae,Forcipiger,flavissimus,Forcipiger flavissimus,13,,2,,a,4,110,0
19/12/2011,Community 1,MPA,Post,Chaetodontidae,Forcipiger,flavissimus,Forcipiger flavissimus,13,,3,,a,4.5,90,0
19/12/2011,Community 1,MPA,Post,Chaetodontidae,Chaetodon,vagabundus,Chaetodon vagabundus,11,,1,,a,3,160,0
19/12/2011,Community 1,MPA,Post,Chaetodontidae,Chaetodon,ephippium,Chaetodon ephippium,12,,2,,p,3,190,0
19/12/2011,Community 1,MPA,Post,Chaetodontidae,Chaetodon,reticulatus,Chaetodon reticulatus,10,,2,,a,3,70,0
20/12/2011,Community 1,Fished,Post,Scaridae,Chlorurus,japanensis,Chlorurus japanensis,28,t,2,ow,a,6.8,442,1
20/12/2011,Community 1,Fished,Post,Acanthuridae,Naso,lituratus,Naso lituratus,26,,1,i,a,7.6,435,1
20/12/2011,Community 1,Fished,Post,Scaridae,Chlorurus,sordidus,Chlorurus sordidus,25,t,1,ow,a,7.2,277,0
20/12/2011,Community 1,Fished,Post,Scaridae,Chlorurus,sordidus,Chlorurus sordidus,24,t,1,ow,p,5,375,1
20/12/2011,Community 1,Fished,Post,Scaridae,Scarus,oviceps,Scarus oviceps,24,i,1,n,a,4.7,411,1
20/12/2011,Community 1,Fished,Post,Chaetodontidae,Forcipiger,flavissimus,Forcipiger flavissimus,13,,2,i,p,4.4,220,0
20/12/2011,Community 1,Fished,Post,Scaridae,Chlorurus,japanensis,Chlorurus japanensis,27,t,1,n,p,4.1,517,1
20/12/2011,Community 1,Fished,Post,Scaridae,Scarus,spinus,Scarus spinus,25,t,1,n,a,6.6,412,1
20/12/2011,Community 1,Fished,Post,Scaridae,Chlorurus,japanensis,Chlorurus japanensis,32,t,1,ow,a,5.2,523,1
20/12/2011,Community 1,Fished,Post,Acanthuridae,Naso,lituratus,Naso lituratus,27,,2,sa,a,7,503,1
20/12/2011,Community 1,Fished,Post,Chaetodontidae,Chaetodon,ephippium,Chaetodon ephippium,15,,2,i,a,5.9,175,0
20/12/2011,Community 1,Fished,Post,Scaridae,Chlorurus,japanensis,Chlorurus japanensis,28,t,1,w,a,5.7,603,1
20/12/2011,Community 1,Fished,Post,Chaetodontidae,Heniochus,monoceros,Heniochus monoceros,18,i,2,w,tr,7.5,147,0
20/12/2011,Community 1,Fished,Post,Scaridae,Chlorurus,sordidus,Chlorurus sordidus,27,t,1,ow,a,7.1,529,1
20/12/2011,Community 1,Fished,Post,Scaridae,Scarus,rubroviolaceus,Scarus rubroviolaceus,48,t,1,ow,p,8.2,674,1
20/12/2011,Community 1,Fished,Post,Chaetodontidae,Chaetodon,reticulatus,Chaetodon reticulatus,13,,2,sa,a,6.4,253,0
20/12/2011,Community 1,Fished,Post,Scaridae,Scarus,fortensi,Scarus fortensi,24,i,1,ow,p,7.6,623,1
20/12/2011,Community 1,Fished,Post,Scaridae,Scarus,oviceps,Scarus oviceps,26,t,1,w,a,11,446,1
20/12/2011,Community 1,Fished,Post,Chaetodontidae,Chaetodon,vagabundus,Chaetodon vagabundus,13,,2,ow,p,6.7,358,1
20/12/2011,Community 1,Fished,Post,Chaetodontidae,Chaetodon,reticulatus,Chaetodon reticulatus,15,,1,ow,a,7.1,299,0
20/12/2011,Community 1,Fished,Post,Acanthuridae,Naso,lituratus,Naso lituratus,25,,1,ow,a,9.6,395,1
20/12/2011,Community 1,Fished,Post,Chaetodontidae,Chaetodon,auriga,Chaetodon auriga,14,,2,i,a,6.5,213,0
20/12/2011,Community 1,Fished,Post,Chaetodontidae,Chaetodon,ephippium,Chaetodon ephippium,15,,1,sa,a,5.9,330,0
20/12/2011,Community 1,Fished,Post,Acanthuridae,Acanthurus,lineatus,Acanthurus lineatus,23,,1,i,p,5.2,427,1
20/12/2011,Community 1,Fished,Post,Acanthuridae,Acanthurus,lineatus,Acanthurus lineatus,24,,2,ow,p,5.4,442,1
20/12/2011,Community 1,Fished,Post,Chaetodontidae,Chaetodon,ephippium,Chaetodon ephippium,16,,1,i,a,8.1,130,0
20/12/2011,Community 1,Fished,Post,Chaetodontidae,Chaetodon,auriga,Chaetodon auriga,15,,2,i,a,7.3,195,0
20/12/2011,Community 1,Fished,Post,Chaetodontidae,Chaetodon,vagabundus,Chaetodon vagabundus,13,,1,sa,tr,5.8,198,0
20/12/2011,Community 1,Fished,Post,Acanthuridae,Acanthurus,lineatus,Acanthurus lineatus,25,,2,ow,p,6.5,458,1
20/12/2011,Community 1,Fished,Post,Acanthuridae,Ctenochaetus,striatus,Ctenochaetus striatus,18,,1,ow,p,6.6,355,1
20/12/2011,Community 1,Fished,Post,Acanthuridae,Ctenochaetus,striatus,Ctenochaetus striatus,17,,2,n,p,6,420,1
20/12/2011,Community 1,Fished,Post,Acanthuridae,Acanthurus,lineatus,Acanthurus lineatus,23,,1,w,a,5.7,343,1
20/12/2011,Community 1,Fished,Post,Acanthuridae,Ctenochaetus,striatus,Ctenochaetus striatus,18,,3,ow,a,4.4,345,1
20/12/2011,Community 1,Fished,Post,Chaetodontidae,Chaetodon,vagabundus,Chaetodon vagabundus,12,,2,i,tr,5.6,112,0
20/12/2011,Community 1,Fished,Post,Acanthuridae,Naso,lituratus,Naso lituratus,28,,2,ow,a,7.5,609,1
20/12/2011,Community 1,Fished,Post,Acanthuridae,Acanthurus,lineatus,Acanthurus lineatus,21,,1,i,a,4.3,280,0
21/12/2011,Community 1,PHC,Post,Scaridae,Chlorurus,japanensis,Chlorurus japanensis,28,t,1,ow,p,3.4,390,1
21/12/2011,Community 1,PHC,Post,Acanthuridae,Acanthurus,lineatus,Acanthurus lineatus,22,,1,n,a,5.7,419,1
21/12/2011,Community 1,PHC,Post,Acanthuridae,Naso,lituratus,Naso lituratus,25,,3,ow,a,5,450,1
21/12/2011,Community 1,PHC,Post,Scaridae,Scarus,niger,Scarus niger,23,t,1,ow,p,7.5,318,0
21/12/2011,Community 1,PHC,Post,Acanthuridae,Naso,lituratus,Naso lituratus,27,,1,w,a,9.2,346,1
21/12/2011,Community 1,PHC,Post,Scaridae,Chlorurus,japanensis,Chlorurus japanensis,27,t,1,ow,a,5,394,1
21/12/2011,Community 1,PHC,Post,Acanthuridae,Naso,lituratus,Naso lituratus,21,,1,n,tr,4.7,240,0
21/12/2011,Community 1,PHC,Post,Chaetodontidae,Chaetodon,ephippium,Chaetodon ephippium,16,,2,i,tr,3.7,222,0
21/12/2011,Community 1,PHC,Post,Chaetodontidae,Chaetodon,vagabundus,Chaetodon vagabundus,11,,1,i,a,3.3,135,0
21/12/2011,Community 1,PHC,Post,Scaridae,Scarus,spinus,Scarus spinus,27,t,1,n,a,7.1,377,1
21/12/2011,Community 1,PHC,Post,Acanthuridae,Ctenochaetus,striatus,Ctenochaetus striatus,19,,1,w,p,4.1,433,1
21/12/2011,Community 1,PHC,Post,Chaetodontidae,Chaetodon,lineolatus,Chaetodon lineolatus,20,,1,sa,a,7,321,0
21/12/2011,Community 1,PHC,Post,Acanthuridae,Naso,lituratus,Naso lituratus,28,,1,sa,a,7.1,388,1
21/12/2011,Community 1,PHC,Post,Acanthuridae,Acanthurus,lineatus,Acanthurus lineatus,22,,1,ow,p,4.4,329,0
21/12/2011,Community 1,PHC,Post,Chaetodontidae,Chaetodon,auriga,Chaetodon auriga,14,,2,i,a,3.8,113,0
21/12/2011,Community 1,PHC,Post,Scaridae,Scarus,spinus,Scarus spinus,28,t,3,w,a,8.1,485,1
21/12/2011,Community 1,PHC,Post,Acanthuridae,Acanthurus,lineatus,Acanthurus lineatus,21,,2,ow,a,3.9,407,1
21/12/2011,Community 1,PHC,Post,Scaridae,Scarus,altipinnis,Scarus altipinnis,35,t,2,ow,a,8.2,520,1
21/12/2011,Community 1,PHC,Post,Acanthuridae,Naso,lituratus,Naso lituratus,28,,6,ow,a,4.2,437,1
21/12/2011,Community 1,PHC,Post,Acanthuridae,Naso,lituratus,Naso lituratus,27,,4,n,a,4.9,390,1
21/12/2011,Community 1,PHC,Post,Scaridae,Scarus,oviceps,Scarus oviceps,28,t,1,ow,a,4,435,1
21/12/2011,Community 1,PHC,Post,Scaridae,Chlorurus,sordidus,Chlorurus sordidus,25,t,1,w,a,5.4,330,0
21/12/2011,Community 1,PHC,Post,Chaetodontidae,Chaetodon,reticulatus,Chaetodon reticulatus,14,,2,w,a,6,80,0
21/12/2011,Community 1,PHC,Post,Chaetodontidae,Chaetodon,rafflesi,Chaetodon rafflesi,12,,1,i,a,5.8,147,0
21/12/2011,Community 1,PHC,Post,Acanthuridae,Ctenochaetus,striatus,Ctenochaetus striatus,20,,3,ow,p,3.1,341,1
21/12/2011,Community 1,PHC,Post,Scaridae,Scarus,spinus,Scarus spinus,26,t,1,n,p,7,314,0
21/12/2011,Community 1,PHC,Post,Chaetodontidae,Forcipiger,flavissimus,Forcipiger flavissimus,14,,2,ow,p,4.5,165,0
21/12/2011,Community 1,PHC,Post,Acanthuridae,Acanthurus,lineatus,Acanthurus lineatus,21,,1,w,p,3.6,326,0
21/12/2011,Community 1,PHC,Post,Chaetodontidae,Chaetodon,vagabundus,Chaetodon vagabundus,13,,2,sa,a,5.4,129,0
21/12/2011,Community 1,PHC,Post,Chaetodontidae,Chaetodon,ephippium,Chaetodon ephippium,17,,2,ow,a,6.6,201,0
21/12/2011,Community 1,PHC,Post,Scaridae,Scarus,niger,Scarus niger,28,t,1,n,a,6.5,303,0
21/12/2011,Community 1,PHC,Post,Scaridae,Scarus,niger,Scarus niger,24,t,2,w,a,9.2,273,0
21/12/2011,Community 1,PHC,Post,Chaetodontidae,Chaetodon,ulietensis,Chaetodon ulietensis,13,,2,ow,a,5.3,234,0
21/12/2011,Community 1,PHC,Post,Scaridae,Scarus,rubroviolaceus,Scarus rubroviolaceus,30,i,1,sa,a,7,354,1
21/12/2011,Community 1,PHC,Post,Chaetodontidae,Forcipiger,flavissimus,Forcipiger flavissimus,12,,3,i,tr,6.7,258,0
21/12/2011,Community 1,PHC,Post,Chaetodontidae,Chaetodon,unimaculatus,Chaetodon unimaculatus,11,,2,i,a,6.1,163,0
30/11/2011,Community 2,MPA,Pre,Acanthuridae,Acanthurus,lineatus,Acanthurus lineatus,19,,1,sa,a,4.6,289,0
30/11/2011,Community 2,MPA,Pre,Chaetodontidae,Chaetodon,unimaculatus,Chaetodon unimaculatus,14,,3,w,a,4.4,268,0
30/11/2011,Community 2,MPA,Pre,Acanthuridae,Ctenochaetus,striatus,Ctenochaetus striatus,16,,1,w,a,4.8,238,0
30/11/2011,Community 2,MPA,Pre,Chaetodontidae,Heniochus,varius,Heniochus varius,14,,1,ow,a,5.9,149,0
30/11/2011,Community 2,MPA,Pre,Scaridae,Scarus,oviceps,Scarus oviceps,19,i,1,sa,ad,5.9,226,0
30/11/2011,Community 2,MPA,Pre,Scaridae,Scarus,niger,Scarus niger,22,t,2,ow,a,6.2,163,0
30/11/2011,Community 2,MPA,Pre,Acanthuridae,Ctenochaetus,striatus,Ctenochaetus striatus,17,,1,ow,ar(125),6.1,211,0
30/11/2011,Community 2,MPA,Pre,Scaridae,Chlorurus,bleekeri,Chlorurus bleekeri,27,t,3,sa,a,7.4,290,0
30/11/2011,Community 2,MPA,Pre,Acanthuridae,Naso,lituratus,Naso lituratus,22,,1,N,a,4.7,153,0
30/11/2011,Community 2,MPA,Pre,Chaetodontidae,Heniochus,varius,Heniochus varius,14,,1,N,a,6.5,139,0
30/11/2011,Community 2,MPA,Pre,Scaridae,Scarus,niger,Scarus niger,26,t,3,sa,a,6.5,314,0
30/11/2011,Community 2,MPA,Pre,Chaetodontidae,Chaetodon,rafflesi,Chaetodon rafflesi,16,,2,I,a,3.3,175,0
30/11/2011,Community 2,MPA,Pre,Scaridae,Chlorurus,microrhinos,Chlorurus microrhinos,42,t,3,ow,a,5.7,450,1
30/11/2011,Community 2,MPA,Pre,Acanthuridae,Naso,unicornis,Naso unicornis,31,,3,sa,a,4.7,278,0
30/11/2011,Community 2,MPA,Pre,Scaridae,Scarus,niger,Scarus niger,32,t,4,N,a,5.6,293,0
30/11/2011,Community 2,MPA,Pre,Scaridae,Scarus,spinus,Scarus spinus,23,t,2,N,a,5.6,231,0
30/11/2011,Community 2,MPA,Pre,Chaetodontidae,Chaetodon,ephippium,Chaetodon ephippium,15,,1,I,a,4.9,172,0
30/11/2011,Community 2,MPA,Pre,Scaridae,Scarus,oviceps,Scarus oviceps,24,t,4,ow,a,4.8,200,0
30/11/2011,Community 2,MPA,Pre,Scaridae,Scarus,frenatus,Scarus frenatus,23,i,1,ow,PR(25),3,226,0
30/11/2011,Community 2,MPA,Pre,Chaetodontidae,Chaetodon,speculum,Chaetodon speculum,13,,2,W,TR(15),5,123,0
30/11/2011,Community 2,MPA,Pre,Scaridae,Chlorurus,sordidus,Chlorurus sordidus,23,t,1,I,a,9.7,197,0
30/11/2011,Community 2,MPA,Pre,Chaetodontidae,Chaetodon,lunula,Chaetodon lunula,14,,1,I,a,3.2,167,0
30/11/2011,Community 2,MPA,Pre,Scaridae,Scarus,rivulatus,Scarus rivulatus,26,i,8,W,a,4.9,299,0
30/11/2011,Community 2,MPA,Pre,Scaridae,Scarus,frenatus,Scarus frenatus,25,t,4,W,a,5.3,206,0
30/11/2011,Community 2,MPA,Pre,Scaridae,Scarus,psitticus,Scarus psitticus,24,t,1,ow,a,3.8,203,0
30/11/2011,Community 2,MPA,Pre,Chaetodontidae,Chaetodon,lineolatus,Chaetodon lineolatus,18,,1,I,a,4.5,159,0
30/11/2011,Community 2,MPA,Pre,Acanthuridae,Naso,lituratus,Naso lituratus,25,,2,w,a,4.8,279,0
30/11/2011,Community 2,MPA,Pre,Acanthuridae,Ctenochaetus,striatus,Ctenochaetus striatus,17,,2,ow,a,5,178,0
30/11/2011,Community 2,MPA,Pre,Acanthuridae,Ctenochaetus,striatus,Ctenochaetus striatus,19,,1,ow,a,4.6,197,0
30/11/2011,Community 2,MPA,Pre,Acanthuridae,Ctenochaetus,striatus,Ctenochaetus striatus,20,,2,W,a,4.8,198,0
30/11/2011,Community 2,MPA,Pre,Scaridae,Scarus,frenatus,Scarus frenatus,29,t,1,N,p,5.7,263,0
30/11/2011,Community 2,MPA,Pre,Chaetodontidae,Chaetodon,speculum,Chaetodon speculum,14,,1,sa,ar(136),6.3,137,0
30/11/2011,Community 2,MPA,Pre,Chaetodontidae,Chaetodon,ulietensis,Chaetodon ulietensis,12,,2,I,a,4.1,131,0
30/11/2011,Community 2,MPA,Pre,Scaridae,Scarus,oviceps,Scarus oviceps,28,t,1,W,a,2.9,227,0
30/11/2011,Community 2,MPA,Pre,Acanthuridae,Acanthurus,lineatus,Acanthurus lineatus,23,,2,N,a,3.3,240,0
30/11/2011,Community 2,MPA,Pre,Chaetodontidae,Chaetodon,lunulatus,Chaetodon lunulatus,10,,2,N,a,3.2,208,0
30/11/2011,Community 2,MPA,Pre,Acanthuridae,Acanthurus,lineatus,Acanthurus lineatus,22,,1,ow,a,5.1,149,0
30/11/2011,Community 2,MPA,Pre,Chaetodontidae,Chaetodon,ephippium,Chaetodon ephippium,15,,2,ow,a,3.9,259,0
30/11/2011,Community 2,MPA,Pre,Acanthuridae,Acanthurus,lineatus,Acanthurus lineatus,25,,4,W,a,4,233,0
30/11/2011,Community 2,MPA,Pre,Acanthuridae,Ctenochaetus,striatus,Ctenochaetus striatus,19,,2,W,a,3.2,202,0
30/11/2011,Community 2,MPA,Pre,Acanthuridae,Acanthurus,lineatus,Acanthurus lineatus,24,,1,N,a,2.8,270,0
30/11/2011,Community 2,MPA,Pre,Acanthuridae,Zebrasoma,veliferum,Zebrasoma veliferum,21,,2,ow,a,4.8,352,1
01/12/2011,Community 2,PHC,Pre,Chaetodontidae,Chaetodon,vagabundus,Chaetodon vagabundus,13,,2,N,a,5.7,286,0
01/12/2011,Community 2,PHC,Pre,Acanthuridae,Ctenochaetus,striatus,Ctenochaetus striatus,18,,1,W,a,5.7,350,1
01/12/2011,Community 2,PHC,Pre,Acanthuridae,Acanthurus,lineatus,Acanthurus lineatus,21,,1,sa,TR(DB),6.8,207,0
01/12/2011,Community 2,PHC,Pre,Acanthuridae,Ctenochaetus,striatus,Ctenochaetus striatus,19,,3,ow,p,7.6,239,0
01/12/2011,Community 2,PHC,Pre,Acanthuridae,Acanthurus,lineatus,Acanthurus lineatus,20,,1,N,AD,7.3,216,0
01/12/2011,Community 2,PHC,Pre,Chaetodontidae,Chaetodon,ephippium,Chaetodon ephippium,15,,1,sa,a,7.8,83,0
01/12/2011,Community 2,PHC,Pre,Chaetodontidae,Chaetodon,rafflesi,Chaetodon rafflesi,14,,2,sa,a,6.7,129,0
01/12/2011,Community 2,PHC,Pre,Scaridae,Scarus,rubroviolaceus,Scarus rubroviolaceus,29,i,1,ow,a,8.5,278,0
01/12/2011,Community 2,PHC,Pre,Scaridae,Chlorurus,sordidus,Chlorurus sordidus,23,t,1,N,a,7.1,236,0
01/12/2011,Community 2,PHC,Pre,Scaridae,Scarus,niger,Scarus niger,30,t,2,N,AD,9.7,270,0
01/12/2011,Community 2,PHC,Pre,Acanthuridae,Acanthurus,lineatus,Acanthurus lineatus,26,,3,N,a,6.8,287,0
01/12/2011,Community 2,PHC,Pre,Scaridae,Scarus,rubroviolaceus,Scarus rubroviolaceus,57,t,1,N,AD,6.1,540,1
01/12/2011,Community 2,PHC,Pre,Chaetodontidae,Chaetodon,vagabundus,Chaetodon vagabundus,14,,2,sa,a,6.4,230,0
01/12/2011,Community 2,PHC,Pre,Acanthuridae,Ctenochaetus,striatus,Ctenochaetus striatus,22,,2,N,a,6,297,0
01/12/2011,Community 2,PHC,Pre,Scaridae,Chlorurus,japanensis,Chlorurus japanensis,25,t,17,I,a,7.6,410,1
01/12/2011,Community 2,PHC,Pre,Acanthuridae,Acanthurus,lineatus,Acanthurus lineatus,19,,1,W,a,7,372,1
01/12/2011,Community 2,PHC,Pre,Chaetodontidae,Chaetodon,rafflesi,Chaetodon rafflesi,12,,2,i,a,5.7,229,0
01/12/2011,Community 2,PHC,Pre,Chaetodontidae,Foricpiger,flavissimus,Foricpiger flavissimus,12,,1,i,a,6.3,275,0
01/12/2011,Community 2,PHC,Pre,Acanthuridae,Acanthurus,lineatus,Acanthurus lineatus,22,,1,n,a,7.3,243,0
01/12/2011,Community 2,PHC,Pre,Chaetodontidae,Chaetodon,plebius,Chaetodon plebius,12,,1,i,a,5.4,138,0
01/12/2011,Community 2,PHC,Pre,Acanthuridae,Acanthurus,lineatus,Acanthurus lineatus,18,,6,w,a,5.8,291,0
01/12/2011,Community 2,PHC,Pre,Chaetodontidae,Chaetodon,lunulatus,Chaetodon lunulatus,11,,3,n,a,6.8,256,0
01/12/2011,Community 2,PHC,Pre,Acanthuridae,Ctenochaetus,striatus,Ctenochaetus striatus,20,,2,n,a,7.2,301,0
01/12/2011,Community 2,PHC,Pre,Scaridae,Scarus,spinus,Scarus spinus,23,t,12,w,a,8.8,362,1
01/12/2011,Community 2,PHC,Pre,Acanthuridae,Naso,lituratus,Naso lituratus,25,,1,i,a,9,323,0
01/12/2011,Community 2,PHC,Pre,Scaridae,Scarus,sponu,Scarus sponu,25,t,1,n,a,9,201,0
01/12/2011,Community 2,PHC,Pre,Acanthuridae,Acanthurus,lineatus,Acanthurus lineatus,23,,1,n,p,7,253,0
01/12/2011,Community 2,PHC,Pre,Scaridae,Chlorurus,japanensis,Chlorurus japanensis,26,i,1,ow,p,6.9,346,1
01/12/2011,Community 2,PHC,Pre,Chaetodontidae,Chaetodon,ornatissimus,Chaetodon ornatissimus,13,,2,sa,a,6.9,254,0
01/12/2011,Community 2,PHC,Pre,Scaridae,Scarus,spinus,Scarus spinus,27,t,2,n,a,8,297,0
01/12/2011,Community 2,PHC,Pre,Chaetodontidae,Chaetodon,plebius,Chaetodon plebius,14,,8,ow,p,5,234,0
01/12/2011,Community 2,PHC,Pre,Chaetodontidae,Chaetodon,baronessa,Chaetodon baronessa,10,,2,w,a,6.2,92,0
01/12/2011,Community 2,PHC,Pre,Scaridae,Chlorurus,japanensis,Chlorurus japanensis,30,t,6,ow,a,7.1,397,1
01/12/2011,Community 2,PHC,Pre,Chaetodontidae,Chaetodon,ephippium,Chaetodon ephippium,16,,1,n,a,9.1,236,0
01/12/2011,Community 2,PHC,Pre,Scaridae,Chlorurus,bleekeri,Chlorurus bleekeri,26,t,1,ow,tr(15),9,317,0
01/12/2011,Community 2,PHC,Pre,Scaridae,Scarus,rubroviolaceus,Scarus rubroviolaceus,27,t,1,w,a,10,391,1
02/12/2011,Community 2,Fished,Pre,Acanthuridae,Ctenochaetus,striatus,Ctenochaetus striatus,17,,2,n,a,6.3,271,0
02/12/2011,Community 2,Fished,Pre,Scaridae,Scarus,spinus,Scarus spinus,25,t,1,n,a,5.9,424,1
02/12/2011,Community 2,Fished,Pre,Scaridae,Chlorurus,sordidus,Chlorurus sordidus,23,t,1,ow,a,6.7,394,1
02/12/2011,Community 2,Fished,Pre,Chaetodontidae,Chaetodon,vagabundus,Chaetodon vagabundus,12,,1,w,a,6.3,280,0
02/12/2011,Community 2,Fished,Pre,Acanthuridae,Ctenochaetus,striatus,Ctenochaetus striatus,18,,4,ow,a,6.1,303,0
02/12/2011,Community 2,Fished,Pre,Chaetodontidae,Chaetodon,rafflesi,Chaetodon rafflesi,14,,3,n,a,6.2,299,0
02/12/2011,Community 2,Fished,Pre,Chaetodontidae,Chaetodon,citronellis,Chaetodon citronellis,8,,2,i,a,6.5,158,0
02/12/2011,Community 2,Fished,Pre,Acanthuridae,Ctenochaetus,striatus,Ctenochaetus striatus,21,,6,n,a,6.5,297,0
02/12/2011,Community 2,Fished,Pre,Scaridae,Scarus,oviceps,Scarus oviceps,25,i,2,sa,a,5.7,390,1
02/12/2011,Community 2,Fished,Pre,Chaetodontidae,Chaetodon,ephippium,Chaetodon ephippium,15,,2,i,a,4.4,262,0
02/12/2011,Community 2,Fished,Pre,Scaridae,Scarus,oviceps,Scarus oviceps,29,t,2,n,a,5.2,433,1
02/12/2011,Community 2,Fished,Pre,Scaridae,Scarus,frenatus,Scarus frenatus,24,i,2,n,a,4.8,406,1
02/12/2011,Community 2,Fished,Pre,Scaridae,Chlorurus,sordidus,Chlorurus sordidus,25,t,1,w,a,5.3,406,1
02/12/2011,Community 2,Fished,Pre,Chaetodontidae,Chaetodon,flavissimus,Chaetodon flavissimus,13,,3,i,a,5.5,201,0
02/12/2011,Community 2,Fished,Pre,Acanthuridae,Ctenochaetus,striatus,Ctenochaetus striatus,20,,1,w,a,5.1,393,1
02/12/2011,Community 2,Fished,Pre,Scaridae,Chlorurus,sordidus,Chlorurus sordidus,22,t,2,ow,a,6.5,417,1
02/12/2011,Community 2,Fished,Pre,Acanthuridae,Ctenochaetus,striatus,Ctenochaetus striatus,19,,2,ow,a,6.7,289,0
02/12/2011,Community 2,Fished,Pre,Chaetodontidae,Chaetodon,ephippium,Chaetodon ephippium,13,,2,i,a,6.3,164,0
02/12/2011,Community 2,Fished,Pre,Acanthuridae,Ctenochaetus,striatus,Ctenochaetus striatus,19,,1,w,a,5.6,328,0
02/12/2011,Community 2,Fished,Pre,Chaetodontidae,Chaetodon,unimaculatus,Chaetodon unimaculatus,15,,2,sa,a,6.8,329,0
02/12/2011,Community 2,Fished,Pre,Scaridae,Scarus,oviceps,Scarus oviceps,27,i,1,w,a,6.5,469,1
02/12/2011,Community 2,Fished,Pre,Chaetodontidae,Chaetodon,melanotus,Chaetodon melanotus,14,,1,ow,a,6.4,172,0
02/12/2011,Community 2,Fished,Pre,Acanthuridae,Ctenochaetus,striatus,Ctenochaetus striatus,19,,1,w,a,6,393,1
02/12/2011,Community 2,Fished,Pre,Chaetodontidae,Chaetodon,reticulatus,Chaetodon reticulatus,12,,1,n,a,6.5,267,0
02/12/2011,Community 2,Fished,Pre,Acanthuridae,Acanthurus,lineatus,Acanthurus lineatus,18,,3,ow,a,5.7,338,1
02/12/2011,Community 2,Fished,Pre,Acanthuridae,Ctenochaetus,striatus,Ctenochaetus striatus,17,,3,n,a,5.7,349,1
02/12/2011,Community 2,Fished,Pre,Scaridae,Chlorurus,sordidus,Chlorurus sordidus,22,t,2,ow,a,6.1,473,1
02/12/2011,Community 2,Fished,Pre,Acanthuridae,Acanthurus,lineatus,Acanthurus lineatus,16,,1,n,a,5,377,1
02/12/2011,Community 2,Fished,Pre,Chaetodontidae,Foricpiger,flavissimus,Foricpiger flavissimus,12,,1,i,a,5.6,281,0
02/12/2011,Community 2,Fished,Pre,Scaridae,Chlorurus,sordidus,Chlorurus sordidus,21,t,1,n,a,5.4,298,0
02/12/2011,Community 2,Fished,Pre,Acanthuridae,Acanthurus,lineatus,Acanthurus lineatus,20,,2,w,a,5.1,352,1
02/12/2011,Community 2,Fished,Pre,Acanthuridae,Ctenochaetus,striatus,Ctenochaetus striatus,21,,1,w,a,6.9,273,0
02/12/2011,Community 2,Fished,Pre,Scaridae,Scarus,oviceps,Scarus oviceps,24,i,3,n,a,5.8,489,1
02/12/2011,Community 2,Fished,Pre,Chaetodontidae,Chaetodon,unimaculatus,Chaetodon unimaculatus,12,,2,sa,a,5.6,274,0
02/12/2011,Community 2,Fished,Pre,Scaridae,Chlorurus,bleekeri,Chlorurus bleekeri,19,i,3,n,a,5.5,387,1
02/12/2011,Community 2,Fished,Pre,Chaetodontidae,Chaetodon,citronellis,Chaetodon citronellis,9,,1,n,a,5.6,232,0
09/12/2011,Community 2,MPA,Post,Acanthuridae,Acanthurus,lineatus,Acanthurus lineatus,22,,1,n,TR,4.5,283,0
09/12/2011,Community 2,MPA,Post,Scaridae,Scarus,frenatus,Scarus frenatus,31,t,1,sa,a,5.1,257,0
09/12/2011,Community 2,MPA,Post,Acanthuridae,Acanthurus,lineatus,Acanthurus lineatus,24,,1,i,a,4.4,220,0
09/12/2011,Community 2,MPA,Post,Acanthuridae,Naso,lituratus,Naso lituratus,21,,1,n,a,5.8,307,0
09/12/2011,Community 2,MPA,Post,Acanthuridae,Acanthurus,lineatus,Acanthurus lineatus,21,,1,n,a,5.8,157,0
09/12/2011,Community 2,MPA,Post,Chaetodontidae,Heniochus,varius,Heniochus varius,15,,1,n,a,3.9,236,0
09/12/2011,Community 2,MPA,Post,Scaridae,Chlorurus,sordidus,Chlorurus sordidus,26,t,1,w,a,5.6,132,0
09/12/2011,Community 2,MPA,Post,Scaridae,Scarus,niger,Scarus niger,21,t,2,ow,a,5.1,152,0
09/12/2011,Community 2,MPA,Post,Scaridae,Chlorurus,sordidus,Chlorurus sordidus,27,t,1,w,a,5.6,221,0
09/12/2011,Community 2,MPA,Post,Scaridae,Scarus,spinus,Scarus spinus,28,t,1,ow,a,4.5,272,0
09/12/2011,Community 2,MPA,Post,Chaetodontidae,Chaetodon,unimaculatus,Chaetodon unimaculatus,14,,3,w,a,7.8,123,0
09/12/2011,Community 2,MPA,Post,Acanthuridae,Ctenochaetus,striatus,Ctenochaetus striatus,19,,1,ow,a,4,166,0
09/12/2011,Community 2,MPA,Post,Scaridae,Chlorurus,sordidus,Chlorurus sordidus,27,t,1,n,a,4.4,203,0
09/12/2011,Community 2,MPA,Post,Scaridae,Scarus,oviceps,Scarus oviceps,28,t,1,sa,a,4.2,218,0
09/12/2011,Community 2,MPA,Post,Chaetodontidae,Chaetodon,ephippium,Chaetodon ephippium,16,,2,i,a,5.4,95,0
09/12/2011,Community 2,MPA,Post,Chaetodontidae,Chaetodon,unimaculatus,Chaetodon unimaculatus,13,,2,ow,a,4.3,246,0
09/12/2011,Community 2,MPA,Post,Acanthuridae,Ctenochaetus,striatus,Ctenochaetus striatus,17,,1,w,a,5.4,222,0
09/12/2011,Community 2,MPA,Post,Scaridae,Scarus,niger,Scarus niger,30,t,1,ow,ar(25),4,298,0
09/12/2011,Community 2,MPA,Post,Scaridae,Chlorurus,microrhinos,Chlorurus microrhinos,41,t,2,ow,a,2.5,479,1
09/12/2011,Community 2,MPA,Post,Acanthuridae,Acanthurus,lineatus,Acanthurus lineatus,22,,1,w,a,2.2,248,0
09/12/2011,Community 2,MPA,Post,Chaetodontidae,Foricpiger,flavissimus,Foricpiger flavissimus,16,,1,i,a,6.2,132,0
09/12/2011,Community 2,MPA,Post,Acanthuridae,Acanthurus,nigracaudus,Acanthurus nigracaudus,29,,3,N,a,8.4,403,1
09/12/2011,Community 2,MPA,Post,Chaetodontidae,Chaetodon,ephippium,Chaetodon ephippium,17,,2,i,a,3.3,62,0
09/12/2011,Community 2,MPA,Post,Acanthuridae,Acanthurus,dussemieri,Acanthurus dussemieri,33,,2,sa,a,6.7,35,0
09/12/2011,Community 2,MPA,Post,Acanthuridae,Naso,lituratus,Naso lituratus,24,,1,n,a,4.2,273,0
09/12/2011,Community 2,MPA,Post,Scaridae,Scarus,oviceps,Scarus oviceps,29,t,1,n,a,6.1,241,0
09/12/2011,Community 2,MPA,Post,Acanthuridae,Ctenochaetus,striatus,Ctenochaetus striatus,20,,2,ow,a,3.2,320,0
09/12/2011,Community 2,MPA,Post,Scaridae,Scarus,niger,Scarus niger,32,t,1,n,a,7.9,229,0
09/12/2011,Community 2,MPA,Post,Acanthuridae,Acanthurus,lineatus,Acanthurus lineatus,23,,1,w,a,3.4,176,0
09/12/2011,Community 2,MPA,Post,Chaetodontidae,Chaetodon,melanotus,Chaetodon melanotus,11,,1,i,a,2.6,293,0
09/12/2011,Community 2,MPA,Post,Scaridae,Chlorurus,japanensis,Chlorurus japanensis,31,t,1,i,a,2.6,293,0
09/12/2011,Community 2,MPA,Post,Chaetodontidae,Chaetodon,unimaculatus,Chaetodon unimaculatus,14,,2,n,a,2.1,172,0
09/12/2011,Community 2,MPA,Post,Chaetodontidae,Heniochus,varius,Heniochus varius,16,,2,i,a,4.3,159,0
09/12/2011,Community 2,MPA,Post,Chaetodontidae,Foricpiger,flavissimus,Foricpiger flavissimus,15,,3,i,a,5.4,101,0
09/12/2011,Community 2,MPA,Post,Chaetodontidae,Chaetodon,rafflesi,Chaetodon rafflesi,17,,2,ow,a,5,170,0
09/12/2011,Community 2,MPA,Post,Chaetodontidae,Chaetodon,auriga,Chaetodon auriga,15,,1,ow,a,3.7,132,0
10/12/2011,Community 2,PHC,Post,Acanthuridae,Acanthurus,leucocheilus,Acanthurus leucocheilus,19,,1,ow,a,4.8,254,0
10/12/2011,Community 2,PHC,Post,Chaetodontidae,Chaetodon,ephippium,Chaetodon ephippium,15,,1,i,a,5.8,212,0
10/12/2011,Community 2,PHC,Post,Acanthuridae,Ctenochaetus,striatus,Ctenochaetus striatus,17,,1,ow,a,4.6,291,0
10/12/2011,Community 2,PHC,Post,Chaetodontidae,Chaetodon,rafflesi,Chaetodon rafflesi,16,,2,sa,a,5.2,115,0
10/12/2011,Community 2,PHC,Post,Acanthuridae,Acanthurus,lineatus,Acanthurus lineatus,21,,1,w,a,4.5,356,1
10/12/2011,Community 2,PHC,Post,Acanthuridae,Acanthurus,lineatus,Acanthurus lineatus,23,,1,ow,a,4.7,409,1
10/12/2011,Community 2,PHC,Post,Chaetodontidae,Chaetodon,rafflesi,Chaetodon rafflesi,16,,2,sa,a,5.2,115,0
10/12/2011,Community 2,PHC,Post,Chaetodontidae,Chaetodon,ulietensis,Chaetodon ulietensis,13,,1,n,a,4.6,209,0
10/12/2011,Community 2,PHC,Post,Chaetodontidae,Chaetodon,ephippium,Chaetodon ephippium,14,,1,w,a,7.2,124,0
10/12/2011,Community 2,PHC,Post,Chaetodontidae,Chaetodon,ephippium,Chaetodon ephippium,14,,2,n,a,6.8,248,0
10/12/2011,Community 2,PHC,Post,Scaridae,Scarus,psitticus,Scarus psitticus,20,t,1,ow,a,8,299,0
10/12/2011,Community 2,PHC,Post,Scaridae,Scarus,spinus,Scarus spinus,26,t,1,i,a,8.1,273,0
10/12/2011,Community 2,PHC,Post,Acanthuridae,Acanthurus,lineatus,Acanthurus lineatus,19,,2,ow,a,5.6,329,0
10/12/2011,Community 2,PHC,Post,Chaetodontidae,Chaetodon,ornatissimus,Chaetodon ornatissimus,15,,1,I,a,5.6,191,0
10/12/2011,Community 2,PHC,Post,Chaetodontidae,Chaetodon,rafflesi,Chaetodon rafflesi,10,,2,w,a,4.5,114,0
10/12/2011,Community 2,PHC,Post,Acanthuridae,Naso,lituratus,Naso lituratus,25,,3,n,a,8,479,1
10/12/2011,Community 2,PHC,Post,Scaridae,Scarus,spinus,Scarus spinus,27,t,1,ow,a,8.4,383,1
10/12/2011,Community 2,PHC,Post,Acanthuridae,Naso,lituratus,Naso lituratus,27,,5,n,a,8.6,397,1
10/12/2011,Community 2,PHC,Post,Scaridae,Chlorurus,sordidus,Chlorurus sordidus,25,t,1,ow,a,8.5,392,1
10/12/2011,Community 2,PHC,Post,Scaridae,Chlorurus,microrhinos,Chlorurus microrhinos,36,t,1,n,a,8.3,498,1
10/12/2011,Community 2,PHC,Post,Scaridae,Chlorurus,japanensis,Chlorurus japanensis,24,t,1,i,a,6.2,344,1
10/12/2011,Community 2,PHC,Post,Scaridae,Scarus,oviceps,Scarus oviceps,28,t,1,ow,a,8.4,447,1
10/12/2011,Community 2,PHC,Post,Acanthuridae,Ctenochaetus,striatus,Ctenochaetus striatus,20,,6,n,a,5.4,326,0
10/12/2011,Community 2,PHC,Post,Chaetodontidae,Chaetodon,rafflesi,Chaetodon rafflesi,14,,1,w,a,6.5,266,0
10/12/2011,Community 2,PHC,Post,Acanthuridae,Ctenochaetus,striatus,Ctenochaetus striatus,21,,3,ow,a,5.7,503,1
10/12/2011,Community 2,PHC,Post,Acanthuridae,Acanthurus,lineatus,Acanthurus lineatus,24,,1,w,a,7.2,393,1
10/12/2011,Community 2,PHC,Post,Scaridae,Scarus,psitticus,Scarus psitticus,22,t,1,n,a,9.7,392,1
10/12/2011,Community 2,PHC,Post,Chaetodontidae,Chaetodon,reticulatus,Chaetodon reticulatus,15,,1,i,a,8.5,246,0
10/12/2011,Community 2,PHC,Post,Scaridae,Chlorurus,sordidus,Chlorurus sordidus,24,t,1,ow,a,7.1,304,0
10/12/2011,Community 2,PHC,Post,Chaetodontidae,Chaetodon,rafflesi,Chaetodon rafflesi,16,,2,i,a,8.5,246,0
10/12/2011,Community 2,PHC,Post,Acanthuridae,Naso,lituratus,Naso lituratus,21,,1,ow,a,10.8,351,1
10/12/2011,Community 2,PHC,Post,Scaridae,Chlorurus,bleekeri,Chlorurus bleekeri,31,t,2,ow,a,12.5,337,0
10/12/2011,Community 2,PHC,Post,Acanthuridae,Naso,lituratus,Naso lituratus,23,,2,ow,a,10.4,381,1
10/12/2011,Community 2,PHC,Post,Chaetodontidae,Chaetodon,rafflesi,Chaetodon rafflesi,11,,2,i,a,8.2,206,0
10/12/2011,Community 2,PHC,Post,Scaridae,Chlorurus,sordidus,Chlorurus sordidus,25,t,1,w,a,12.4,298,0
10/12/2011,Community 2,PHC,Post,Scaridae,Chlorurus,sordidus,Chlorurus sordidus,26,t,1,ow,a,9.8,349,1
11/12/2011,Community 2,Fished,Post,Chaetodontidae,Chaetodon,plebius,Chaetodon plebius,14,,2,w,a,7.4,268,0
11/12/2011,Community 2,Fished,Post,Acanthuridae,Naso,lituratus,Naso lituratus,26,,1,n,a,4.9,556,1
11/12/2011,Community 2,Fished,Post,Acanthuridae,Acanthurus,lineatus,Acanthurus lineatus,18,,1,w,a,4.4,138,0
11/12/2011,Community 2,Fished,Post,Acanthuridae,Acanthurus,lineatus,Acanthurus lineatus,23,,1,ow,a,7.4,292,0
11/12/2011,Community 2,Fished,Post,Acanthuridae,Naso,lituratus,Naso lituratus,24,,1,n,a,6.7,378,1
11/12/2011,Community 2,Fished,Post,Acanthuridae,Ctenochaetus,striatus,Ctenochaetus striatus,17,,1,w,a,6.2,422,1
11/12/2011,Community 2,Fished,Post,Scaridae,Scarus,oviceps,Scarus oviceps,25,i,1,w,a,6.1,487,1
11/12/2011,Community 2,Fished,Post,Acanthuridae,Ctenochaetus,striatus,Ctenochaetus striatus,20,,1,ow,a,6.5,419,1
11/12/2011,Community 2,Fished,Post,Scaridae,Scarus,frenatus,Scarus frenatus,23,i,2,n,a,6.3,304,0
11/12/2011,Community 2,Fished,Post,Chaetodontidae,Chaetodon,rafflesi,Chaetodon rafflesi,12,,2,n,a,7.2,157,0
11/12/2011,Community 2,Fished,Post,Chaetodontidae,Chaetodon,ulietensis,Chaetodon ulietensis,12,,2,i,a,7.6,189,0
11/12/2011,Community 2,Fished,Post,Scaridae,Chlorurus,sordidus,Chlorurus sordidus,26,t,1,w,a,6.9,339,1
11/12/2011,Community 2,Fished,Post,Scaridae,Scarus,spinus,Scarus spinus,27,t,1,ow,a,6.7,409,1
11/12/2011,Community 2,Fished,Post,Scaridae,Chlorurus,sordidus,Chlorurus sordidus,23,t,1,n,a,5.9,443,1
11/12/2011,Community 2,Fished,Post,Chaetodontidae,Chaetodon,semion,Chaetodon semion,14,,1,i,a,5.3,278,0
11/12/2011,Community 2,Fished,Post,Scaridae,Scarus,hypselopterus,Scarus hypselopterus,25,t,1,w,a,6.2,435,1
11/12/2011,Community 2,Fished,Post,Chaetodontidae,Chaetodon,unimaculatus,Chaetodon unimaculatus,13,,1,ow,a,6.5,286,0
11/12/2011,Community 2,Fished,Post,Scaridae,Scarus,oviceps,Scarus oviceps,26,i,1,sa,a,6.4,403,1
11/12/2011,Community 2,Fished,Post,Chaetodontidae,Chaetodon,vagabundus,Chaetodon vagabundus,13,,1,i,a,6.7,141,0
11/12/2011,Community 2,Fished,Post,Acanthuridae,Naso,lituratus,Naso lituratus,24,,1,w,a,7.2,389,1
11/12/2011,Community 2,Fished,Post,Scaridae,Chlorurus,sordidus,Chlorurus sordidus,23,t,1,n,a,7.5,466,1
11/12/2011,Community 2,Fished,Post,Acanthuridae,Acanthurus,lineatus,Acanthurus lineatus,22,,2,ow,a,6.7,343,1
11/12/2011,Community 2,Fished,Post,Chaetodontidae,Chaetodon,unimaculatus,Chaetodon unimaculatus,12,,1,i,a,6.4,201,0
11/12/2011,Community 2,Fished,Post,Chaetodontidae,Chaetodon,rafflesi,Chaetodon rafflesi,11,,1,n,a,6.6,77,0
11/12/2011,Community 2,Fished,Post,Scaridae,Scarus,spinus,Scarus spinus,28,t,1,w,a,7.6,479,1
11/12/2011,Community 2,Fished,Post,Acanthuridae,Ctenochaetus,striatus,Ctenochaetus striatus,20,,1,n,a,6.2,329,0
11/12/2011,Community 2,Fished,Post,Chaetodontidae,Foricpiger,flavissimus,Foricpiger flavissimus,13,,2,i,a,6.7,218,0
11/12/2011,Community 2,Fished,Post,Scaridae,Scarus,oviceps,Scarus oviceps,25,t,1,n,a,6.6,313,0
11/12/2011,Community 2,Fished,Post,Chaetodontidae,Chaetodon,auriga,Chaetodon auriga,15,,2,w,a,7.6,122,0
11/12/2011,Community 2,Fished,Post,Chaetodontidae,Chaetodon,rafflesi,Chaetodon rafflesi,11,,2,n,a,7.7,129,0
11/12/2011,Community 2,Fished,Post,Acanthuridae,Naso,lituratus,Naso lituratus,27,,1,ow,a,7.7,429,1
11/12/2011,Community 2,Fished,Post,Scaridae,Chlorurus,sordidus,Chlorurus sordidus,25,t,1,w,a,8.9,329,0
11/12/2011,Community 2,Fished,Post,Acanthuridae,Ctenochaetus,striatus,Ctenochaetus striatus,18,,1,w,a,8.8,294,0
11/12/2011,Community 2,Fished,Post,Scaridae,Scarus,frenatus,Scarus frenatus,26,i,1,n,a,8.4,597,1
11/12/2011,Community 2,Fished,Post,Acanthuridae,Ctenochaetus,striatus,Ctenochaetus striatus,20,,1,ow,a,7.2,299,0
11/12/2011,Community 2,Fished,Post,Chaetodontidae,Chaetodon,ephippium,Chaetodon ephippium,16,,2,n,a,6.9,303,0